time,volume,VNID_price_change_ratio,VNID_change_ratio
01/04/2021,709701600,0.006015604658053319,0.01145947682668893
01/05/2021,710226500,0.013957527574845937,0.015858019513487295
01/06/2021,725414800,0.003590490905260329,0.016751078104635074
01/07/2021,719527100,0.008045255652598381,0.011284144264109465
01/08/2021,763095900,0.0030839274976377853,0.013573808116880259
01/11/2021,776321700,0.007157003578501851,0.009663344276683949
01/12/2021,683329700,0.0015961289672204366,0.010937028214848831
13/01/2021,747161400,-0.009412688,0.014872897432654504
14/01/2021,737417900,-0.001748663,0.009819774296782956
15/01/2021,746215900,0.004508596615188021,0.007452687991961221
18/01/2021,711741000,-0.005714095,0.00882594761481281
19/01/2021,923105700,-0.049507946,0.06431476569407604
20/01/2021,802789200,-0.001601408,0.03915641414319461
21/01/2021,666008100,0.015128263257939189,0.027099921835407662
22/01/2021,716238000,8.570669454983335e-06,0.0122473816829222
25/01/2021,665737500,0.0015890740422607017,0.008044251961751306
26/01/2021,743159100,-0.024764586,0.03867549202549032
27/01/2021,745071300,-0.022487326,0.04022166118286146
28/01/2021,698605600,-0.01705849,0.028702853682833075
29/01/2021,743995900,0.05837749040898286,0.0736127804961148
02/01/2021,588446500,-0.025062845,0.0376722581143591
02/02/2021,554905500,0.037205265441920946,0.042927672868260366
02/03/2021,635966100,0.024353148303483438,0.0272566116855186
02/04/2021,471356200,-0.000700828,0.01711038581537345
02/05/2021,458710000,0.0108720027987335,0.01306226761675735
02/08/2021,635387600,-0.038933154,0.04796986650418216
02/09/2021,490182000,0.022046421237899634,0.03224417676446059
17/02/2021,510971700,0.02511840774839013,0.02450293308415091
18/02/2021,585040700,0.014933886440238702,0.0219009179311637
19/02/2021,547575400,0.011071382415025983,0.017537281636131365
22/02/2021,571176900,0.0012525882563460444,0.011531522331154839
23/02/2021,571704900,0.0026137224686482406,0.013586495023946196
24/02/2021,572631700,-0.018837814,0.026867238664039058
25/02/2021,493051100,-0.003880441,0.012210085547823565
26/02/2021,528150000,0.017051389179026457,0.017458728080310033
03/01/2021,593011800,0.007850934210190928,0.010428522049959019
03/02/2021,533302200,-0.007983882,0.011941581480014557
03/03/2021,584537200,0.0018738446734699276,0.0075234845612705365
03/04/2021,629649100,-0.019517025,0.027744497312840236
03/05/2021,568265900,0.0038653484396876797,0.011944998245899285
03/08/2021,627495500,-0.010217482,0.014748303046384841
03/09/2021,613096200,0.0008699696802646008,0.013322202810743838
03/10/2021,569498400,0.005344285395150644,0.013417885956515638
03/11/2021,586252400,0.0012030737687557275,0.006126610985588933
03/12/2021,595631800,-0.003079623,0.007092318629608215
15/03/2021,634609700,0.0005659309564231857,0.006128857972580529
16/03/2021,629617900,-0.004228169,0.011145012289177126
17/03/2021,648766800,0.006320844362994483,0.008287735332057372
18/03/2021,570101600,0.003626943005181469,0.0074941295984811895
19/03/2021,600925800,-0.001187817,0.006457016037854392
22/03/2021,626610700,-0.004683138,0.009125691752551502
23/03/2021,643583000,-0.005738146,0.012142464827411482
24/03/2021,649741100,-0.006507499,0.017197304206367666
25/03/2021,613916000,-0.001125033,0.01403146762961047
26/03/2021,630516500,-0.00043003,0.023971571402758452
29/03/2021,592790900,0.005155388364040501,0.008497210125204144
30/03/2021,707543000,0.005696653216235291,0.012171684817424774
31/03/2021,670504300,0.0033685912551371013,0.008435170885650939
04/01/2021,637059200,0.018006177851815262,0.020088808486144284
04/02/2021,608762900,-0.001068725,0.005896524970394893
04/05/2021,635303500,-0.007411988,0.013834391812628867
04/06/2021,656481800,0.005343084394788381,0.010879383205909875
04/07/2021,676166500,0.004032681692918165,0.00793638017353799
04/08/2021,633566500,-0.009234596,0.011450412587356039
04/09/2021,655839000,0.00012180169060753948,0.005991913352711063
04/12/2021,857647000,0.012661810008166368,0.01604854485209001
13/04/2021,977605500,-0.011176769,0.016309789879278638
14/04/2021,813503500,0.012063824643403819,0.018202520961564415
15/04/2021,771443700,-0.011883541,0.014928843455602237
16/04/2021,948989400,-0.005100156,0.02217629630825601
19/04/2021,773047000,0.01367021019958507,0.021267987751669826
20/04/2021,798483500,0.00042595484878599996,0.019743274355820455
22/04/2021,732254600,-0.028861592,0.03596618396833419
23/04/2021,684222800,0.01739761078244423,0.025934498970789553
26/04/2021,685386500,-0.028355644,0.030523865533776867
27/04/2021,544650900,0.004868845976405525,0.013789711006353709
28/04/2021,589498400,0.007613131627685873,0.010914562238217294
29/04/2021,614232800,0.003627794738078093,0.006567747036848853
05/04/2021,712632600,0.016463733961770196,0.024343905973273232
05/05/2021,685433600,0.009432067422410406,0.016905040471813
05/06/2021,672398700,-0.003863249,0.011874585189153674
05/07/2021,745215600,-0.002946655,0.014962031228609793
05/10/2021,732066300,0.0158230910674537,0.018045697772273314
05/11/2021,709535700,-0.007169337,0.013144485844399853
05/12/2021,664157900,0.013674449068268322,0.015688406653586316
13/05/2021,680368500,-0.00078386,0.009112592017369393
14/05/2021,679016500,-5.53E-05,0.009065352664329274
17/05/2021,705839600,-0.010883659,0.01535711448319689
18/05/2021,661244600,-0.005470121,0.010537407797681806
19/05/2021,650916500,0.006144503418926056,0.009607996895024997
20/05/2021,706187900,0.010754218658569481,0.017555663344338262
21/05/2021,654126800,0.008712799723453181,0.01602112264687322
24/05/2021,670713100,0.008139805825242732,0.009607235858795997
25/05/2021,639370500,0.0072275802615474815,0.00867352397255033
26/05/2021,676236800,0.0066205926424269,0.009584567479304237
27/05/2021,685085600,-0.011263482,0.015097002846030565
28/05/2021,722285600,0.009688099771370078,0.017440891810429678
31/05/2021,700319900,0.001055289639316974,0.015428635970031256
06/01/2021,600477200,0.006250611145794899,0.0130813736189807
06/02/2021,755624100,0.007355427163239366,0.01056101672160987
06/03/2021,856882400,0.014176225273377344,0.015238807282962416
06/04/2021,887731100,0.005113162553216398,0.0099195808012808
06/07/2021,840122900,-0.011501611,0.02099677652011361
06/08/2021,874573200,-0.026177547,0.03513198169530572
06/09/2021,769829300,0.007087161508704145,0.02030159801935642
06/10/2021,674214800,-0.005768971,0.014521222744375126
06/11/2021,705032900,0.018804784479834823,0.02248213413822192
14/06/2021,715610800,0.0066458199345028265,0.011602972710983135
15/06/2021,706567000,0.004245068229556818,0.011796454481628913
16/06/2021,740320300,-0.005374491,0.014308672190605434
17/06/2021,712336800,0.014063502005876045,0.019898229307606288
18/06/2021,750587000,0.008476127039430773,0.010342800322259885
21/06/2021,731280000,-0.000698899,0.01011926010651093
22/06/2021,694747200,-0.000630051,0.007956694710754594
23/06/2021,644736300,-0.004540361,0.011816656619724435
24/06/2021,538103500,-0.00025361,0.008494477140289353
25/06/2021,518602200,0.005795486611051213,0.012459356026817784
28/06/2021,654617700,0.005615325188131212,0.01099721868531312
29/06/2021,609604200,0.0012070948776574163,0.006716121528467297
30/06/2021,532318900,-0.00161607,0.00811472791168211
07/01/2021,699282500,0.003491130545621808,0.010648657803370253
07/02/2021,653610300,-0.001841323,0.005956613883275741
07/05/2021,774451500,-0.006435396,0.019417062921205056
07/06/2021,773512600,-0.03992545,0.047387417976217754
07/07/2021,733801300,0.019673070144518832,0.038867883763638346
07/08/2021,528832600,-0.004655676,0.015880059359269012
07/09/2021,713991100,-0.013286652,0.027918404917083525
07/12/2021,912737200,-0.031245563,0.054454987271465055
13/07/2021,500178900,-0.005990685,0.022681381691508597
14/07/2021,547973900,-0.013488412,0.03179129782562823
15/07/2021,419138600,0.018217301321246247,0.02195653517991845
16/07/2021,415120500,0.000716277206980881,0.0063957023343158646
19/07/2021,675617000,-0.020133012,0.03116983377697002
20/07/2021,538794200,0.021934893576037694,0.03751698356226781
21/07/2021,395114300,-0.00507332,0.013865390819883609
22/07/2021,493258000,0.01807665066498782,0.021350112470722916
23/07/2021,550861800,-0.01551795,0.02112182089011151
26/07/2021,461081000,0.00789552877076835,0.01788309984206928
27/07/2021,519931600,-0.005250571,0.00925657631976689
28/07/2021,361912000,0.002819047020761942,0.007352768446522196
29/07/2021,445516100,0.005651737889966014,0.008286951144093847
30/07/2021,618748500,0.009275737475057945,0.011465211251478938
08/02/2021,586763000,0.004225599645446953,0.013589809925278796
08/03/2021,617967000,0.012377008699616276,0.012660982858515293
08/04/2021,626287700,-0.002227671,0.009260230456867928
08/05/2021,590429600,0.010825307631052971,0.014730036044740023
08/06/2021,682081800,-0.005036195,0.007752804800775178
08/09/2021,636278900,0.01650495597183388,0.019435824276028295
08/10/2021,677981600,-0.004064357,0.008976607972519701
08/11/2021,770571200,-0.005318487,0.011960612465845242
08/12/2021,716513500,-0.002374159,0.008839289013709794
13/08/2021,718718300,0.0033196309221032775,0.015231568475737868
16/08/2021,798944800,0.005028956821347502,0.007717220050183759
17/08/2021,732378200,-0.010604631,0.015105385557813605
18/08/2021,641678400,-0.000220387,0.01077931429747092
19/08/2021,653254900,0.010465893974026363,0.015936283958249885
20/08/2021,1171621900,-0.02809498,0.03901672145205096
23/08/2021,768105500,-0.018031163,0.021695948755062183
24/08/2021,648543100,-0.003192877,0.01416757780618127
25/08/2021,481772400,0.006773067638421165,0.014096445343820424
26/08/2021,497853400,-0.009319608,0.015747970978849
27/08/2021,658578200,0.01485339804324644,0.021352421565641152
30/08/2021,641161300,0.003589266958341834,0.008176848826177887
31/08/2021,712344100,-0.000855464,0.007848468234357548
09/01/2021,679730000,0.004417586056382636,0.007410182444835629
09/06/2021,889375400,0.00423656122502261,0.006357741813293284
09/07/2021,849578800,-0.005359009,0.009941128250987514
09/08/2021,596039700,-0.007671588,0.012102488733587857
09/09/2021,593520900,0.007768329809091141,0.009613238292236377
09/10/2021,559050700,-0.002543114,0.003984211817350742
13/09/2021,744228400,-0.00492556,0.007596371036878595
14/09/2021,692214900,-0.002739359,0.009173695603493461
15/09/2021,645625800,0.005769331370365686,0.009458846956896501
16/09/2021,570520600,-0.004423568,0.00883443423213228
17/09/2021,813151300,0.003695294065268701,0.006890229477170522
20/09/2021,852479800,-0.007817092,0.012395592678158884
21/09/2021,816979400,0.0029042785712146183,0.016046692142345356
22/09/2021,727734800,0.005052496856141472,0.010424378831403387
23/09/2021,961252500,-0.003601812,0.007880185694432017
24/09/2021,627564000,-0.002708807,0.006586883959827476
27/09/2021,720860100,-0.020984343,0.022181299481505597
28/09/2021,584057900,0.01499018589952481,0.018964989434858148
29/09/2021,559164300,0.000306244397968391,0.009505604050148981
30/09/2021,438294600,0.00017140770440370108,0.005767253326974956
10/01/2021,601963900,-0.003575481,0.008307800642749528
10/04/2021,700605800,0.0013455529475084505,0.010421487973483462
10/05/2021,576701100,0.006837962584452587,0.008231029875316574
10/06/2021,594012900,0.0023462265469280813,0.005738101876990312
10/07/2021,658670400,0.00032953996221278433,0.005175733350903128
10/08/2021,603842600,0.0026220839359013086,0.005281446460702396
10/11/2021,721458300,0.012021516772774419,0.012438221348693518
10/12/2021,707870000,-0.002310394,0.008137367364496637
13/10/2021,608348500,-0.004505761,0.007945916043422471
14/10/2021,690243000,-0.000739475,0.007026619247763748
15/10/2021,743666800,-0.002228097,0.007919867882530317
18/10/2021,764032400,-2.87E-05,0.008419740170401209
19/10/2021,605953600,-0.000530059,0.007675603620648905
20/10/2021,804215000,-0.00332511,0.018374228727220478
21/10/2021,681412600,-0.009172933,0.009878896856517735
22/10/2021,746799700,0.0004176688318234321,0.005880913305116519
25/10/2021,868073700,-0.007201978,0.007449112169770417
26/10/2021,703571700,0.005425830130335678,0.011116460553451727
27/10/2021,861686700,0.018253894426515725,0.019107250776517586
28/10/2021,826726500,0.007087380680584562,0.014061098323377465
29/10/2021,946189100,0.0034739833387759074,0.010683597942212908
11/01/2021,1092936400,-0.00714128,0.011285850295697623
11/02/2021,972155400,0.008926028577184194,0.009384079423874054
11/03/2021,1455441700,-0.010109318,0.015896974312815924
11/04/2021,890357900,0.003777141708654033,0.011143792203488202
11/05/2021,844497200,0.003998042337889691,0.010586950999306611
11/08/2021,1006323900,0.004077695144395589,0.009260205646067934
11/09/2021,1003649300,-0.005741731,0.011378720492644618
11/10/2021,955160600,-5.46E-05,0.008334357210140501
11/11/2021,1206887000,-0.004675951,0.01621362874824771
11/12/2021,909366000,0.00626280562764639,0.01476886321833619
15/11/2021,1146225600,-0.003495866,0.01080206153450229
16/11/2021,1157402400,-0.004331797,0.012199529475945377
17/11/2021,828629100,0.005977860784687939,0.008307077277501096
18/11/2021,1052200900,-0.006462123,0.008871774286822261
19/11/2021,1490882800,-0.014761449,0.03225117912348946
22/11/2021,1209419000,-0.003477243,0.01631369839350501
23/11/2021,839875300,0.014535649425367048,0.017231130818581217
24/11/2021,1073235900,0.012382195748847327,0.015958411412682096
25/11/2021,953098400,0.002940370620351283,0.010021255188864656
26/11/2021,1006637100,-0.009066231,0.015304448001714726
29/11/2021,983072000,0.01366028822457213,0.01623070499178372
30/11/2021,1049366600,-0.014531008,0.021319769486756297
12/01/2021,837551800,0.004966674561017794,0.0110288919262856
12/02/2021,745629400,-0.00474777,0.007955197193077133
12/03/2021,1034480600,-0.031029714,0.033173516614472265
12/06/2021,1013743700,-0.02260973,0.036559657040988174
12/07/2021,691695900,0.013939504373177753,0.017397374841889225
12/08/2021,732009400,0.000640522335633591,0.008534831058525446
12/09/2021,631261500,0.014085480004697533,0.014373492826877688
12/10/2021,780120100,-0.004279406,0.009613676428385926
13/12/2021,815155200,0.0028873067202913123,0.007871508796174065
14/12/2021,914795700,-0.000541704,0.010792536686494806
15/12/2021,861484300,-0.000677277,0.009122331413080336
16/12/2021,889612700,-0.00353612,0.009054523537020534
17/12/2021,1065320100,-0.0013295,0.005365626203718132
20/12/2021,906869900,-0.004393975,0.01013314560727786
21/12/2021,866421100,0.002623960077837449,0.0092375941680078
22/12/2021,1031093800,-0.004869015,0.011775294889928123
23/12/2021,1266412300,-0.015208252,0.023384307050296465
24/12/2021,855008900,0.009520880322602737,0.015219731488189149
27/12/2021,715824500,0.003531854088592926,0.013573961635591726
28/12/2021,933584700,-0.00034116,0.010572875889158756
29/12/2021,793769800,-0.008038134,0.00880995006124574
30/12/2021,724365200,-0.003346837,0.005760546982779041
31/12/2021,846534300,0.005442332082916647,0.0062471634140480415
01/04/2022,839676500,0.01128898611249211,0.012782023885997458
01/05/2022,987023800,-0.004290218,0.008748768472906362
01/06/2022,1087239800,0.005823441160213664,0.011814964313050725
01/07/2022,951525400,-0.003663386,0.00625457971317907
01/10/2022,1315951200,-0.016372961,0.02177281523698054
01/11/2022,1219558100,-0.008458247,0.01584791363724686
01/12/2022,1104610300,0.014371000127593054,0.03046653117159104
13/01/2022,977115800,-0.01113755,0.018361685772534206
14/01/2022,734088500,0.006126799873563228,0.017760457747891027
17/01/2022,926487900,-0.030683933,0.03511742518102474
18/01/2022,691087800,-0.000243175,0.019104340695233996
19/01/2022,557995700,0.0026686125299697125,0.010153937856514021
20/01/2022,762449400,0.018290733714158597,0.024909574831092608
21/01/2022,784569900,0.0006726000407636449,0.009620541927774695
24/01/2022,796675500,-0.017892956,0.024873064714421616
25/01/2022,706092300,0.03357992609202865,0.037321402019492037
26/01/2022,767576600,-0.002121598,0.008126459590437212
27/01/2022,522667600,-0.004325898,0.015182626669205142
28/01/2022,663924300,0.006410169168583416,0.013022664575106825
02/07/2022,551698200,-0.001073856,0.007878957840898437
02/08/2022,697228100,0.0029802275931655473,0.007694921351907711
02/09/2022,754188100,0.003065072828795784,0.008097623191486571
02/10/2022,628938000,-0.002561794,0.011401721540493409
02/11/2022,577407200,-0.001104186,0.006312803404119316
14/02/2022,751563900,-0.009281508,0.016325171879670624
15/02/2022,572156100,0.012775455927051621,0.01708256573438285
16/02/2022,617187300,-0.00462299,0.008591917431807478
17/02/2022,588111300,0.010337942863268522,0.010278582749222475
18/02/2022,672537800,0.00705346985210464,0.009908030089577533
21/02/2022,737693400,0.003907080586859373,0.010365094914087582
22/02/2022,875383700,0.004013462797002919,0.014346811043785485
23/02/2022,660165300,0.0019080176491631763,0.008867288236461074
24/02/2022,1133051100,-0.011237962,0.026417366290932207
25/02/2022,736050400,-0.003642721,0.008779830407835034
28/02/2022,693212400,-0.006122816,0.009925308530128218
03/01/2022,796368600,0.0035957975371799377,0.006838895635116562
03/02/2022,914957200,-0.009237213,0.014042220905810846
03/03/2022,902783400,0.008429262540035598,0.01150166112956807
03/04/2022,873323700,-0.000968947,0.005181588090319036
03/07/2022,941752700,-0.001066205,0.007638170841533002
03/08/2022,982168800,-0.009183996,0.01510473566712582
03/09/2022,888352600,-0.002990204,0.01361162755981377
03/10/2022,629092200,0.0015710067986673098,0.007998215106687892
03/11/2022,855643700,-0.007908106,0.014598988094426238
14/03/2022,815892100,-0.008929061,0.01512186689714772
15/03/2022,641644500,0.005321615169025331,0.010875999834794908
16/03/2022,544662700,-0.000438365,0.006215180939198082
17/03/2022,683175800,-0.00355935,0.0058850096486785484
18/03/2022,745610800,0.0020189067892560117,0.006323599482676444
21/03/2022,727377200,0.01367661617325979,0.013759657513629175
22/03/2022,905037000,0.002466535118127064,0.006137865911237028
23/03/2022,788727300,-0.002271278,0.008140633944380114
24/03/2022,753772900,-0.004015157,0.006814571569687528
25/03/2022,724086800,-0.001113207,0.005832499165832505
28/03/2022,988984900,-0.004871045,0.015500478701169116
29/03/2022,687922600,0.008443193600947982,0.008833190898408302
30/03/2022,880911900,-0.001099085,0.013411516863355502
31/03/2022,633286300,-0.000234506,0.006795563448715008
04/01/2022,881661100,0.018107111925718563,0.021590039830128315
04/04/2022,734587100,-0.003477079,0.005332196497671745
04/05/2022,663110500,-0.000880785,0.005453839726847472
04/06/2022,912695000,0.006430209427889806,0.010591634381771691
04/07/2022,763664700,-0.014283652,0.015023130428994684
04/08/2022,741103600,-0.013059316,0.017361673414305005
04/12/2022,656188800,-0.021917385,0.024277615529977616
13/04/2022,636344500,0.012141310603776706,0.01941510966693749
14/04/2022,498914000,-0.006331421,0.008552291932722821
15/04/2022,639722900,-0.008139922,0.015467310223782324
18/04/2022,790646000,-0.01638894,0.021918190702219804
19/04/2022,666337000,-0.020427921,0.02530484553307968
20/04/2022,652803300,-0.012064525,0.018718585706857756
21/04/2022,741348500,0.0002993137684334077,0.026090891177264798
22/04/2022,799750600,0.0006892648808660399,0.029335208775911222
25/04/2022,696873600,-0.048506623,0.06388643090348763
26/04/2022,673169600,0.043519526995487647,0.05959711929861171
27/04/2022,485406800,0.010223346541598607,0.030367049055600382
28/04/2022,458334600,-0.002009293,0.010340565067098963
29/04/2022,532838100,0.014639071176173671,0.019073748902546046
05/04/2022,498884800,-0.012758855,0.013131358068630094
05/05/2022,510234300,-0.000690354,0.022613693153423275
05/06/2022,510678900,-0.003216977,0.01907076117539075
05/09/2022,627609200,-0.033399569,0.038578472298798086
05/10/2022,600766800,0.04241173958240987,0.04714895327622995
05/11/2022,380880400,0.0047398852855123725,0.020944580608975583
05/12/2022,516642600,-0.039956603,0.043266281359982034
13/05/2022,736096200,-0.042314762,0.04836105075373914
16/05/2022,551353400,-0.029882869,0.0387132556849696
17/05/2022,542868100,0.055010649993129,0.058475866392047944
18/05/2022,514538800,0.0005644888150573726,0.02169637963828609
19/05/2022,459858400,0.025039007355672913,0.02917915015624498
20/05/2022,465793600,-8.06E-06,0.016627576145916537
23/05/2022,488979100,-0.022261263,0.031662030997448264
24/05/2022,479498700,0.011904468893319402,0.024404481992573362
25/05/2022,616951500,0.024149791686852117,0.027009767980889752
26/05/2022,514352700,-0.004105825,0.013054068754581889
27/05/2022,578174500,0.01171924190907954,0.013769497063285266
30/05/2022,499452600,0.002953236545721042,0.011554037343885283
31/05/2022,543596100,0.003142872663215938,0.013305690503450231
06/01/2022,505619500,0.007723564626694405,0.012496921940408773
06/02/2022,527625000,-0.009195897,0.015008303456410849
06/03/2022,430601700,0.0026155594650559134,0.01274088106958189
06/06/2022,541562900,-2.33E-05,0.015651041464794888
06/07/2022,625987600,0.004886893320986385,0.023564486777403366
06/08/2022,543305900,0.007976509756774358,0.017210664342347706
06/09/2022,436340700,-0.001946045,0.008862211347300922
06/10/2022,561068400,-0.011318314,0.01986636346645068
13/06/2022,709415500,-0.019215398,0.028955861259616616
14/06/2022,519177100,0.013902623945147588,0.022945436515999864
15/06/2022,626914600,-0.01405099,0.03325562429464622
16/06/2022,522295400,0.007651315146181757,0.018857701980382113
17/06/2022,684022500,0.005617513424204836,0.023404255319148946
20/06/2022,620002900,-0.031164589,0.03490342256862065
21/06/2022,607711900,-0.00043479,0.023053894769162513
22/06/2022,529135300,-0.009185584,0.019567764502638297
23/06/2022,380442900,0.02307970328554478,0.02255904717044627
24/06/2022,410876800,-0.004484305,0.009591051725883095
27/06/2022,429735700,0.011521124865446757,0.013410152807568783
28/06/2022,534186600,0.013048793672707169,0.018676627534685165
29/06/2022,519299900,0.008169042061876058,0.010015680286349792
30/06/2022,471576000,-0.016926335,0.019129926519706148
07/01/2022,498479000,0.004911821900355501,0.026240720660605583
07/04/2022,403314600,-0.009067776,0.013659213905129882
07/05/2022,559493000,-0.01429382,0.016676683964140935
07/06/2022,511773800,-0.015112444,0.02403423769800183
07/07/2022,362816600,0.015239736459611644,0.02030039091969006
07/08/2022,437189300,-0.002741522,0.011055997131417
07/11/2022,488732000,-0.005175235,0.01822053337257308
07/12/2022,475429100,0.017768190520743986,0.018104901176350406
13/07/2022,522379700,0.0003920031360251192,0.009617350415701208
14/07/2022,490512400,0.009797557017169238,0.010260791595117546
15/07/2022,543854200,-0.003296285,0.009785880856476735
18/07/2022,480514500,-0.006963553,0.008695356526617326
19/07/2022,479006800,0.0018960972706402674,0.009734115230877622
20/07/2022,601098600,0.005066828266505243,0.010727385398697114
21/07/2022,500949000,0.0028785888220379864,0.0058574682720468445
22/07/2022,448428100,-0.003669235,0.006637316281094164
25/07/2022,410066000,-0.00245923,0.011644930584770842
26/07/2022,388328300,-0.003472923,0.00819360881635687
27/07/2022,387799200,0.00864646054046733,0.010461445459430445
28/07/2022,620546700,0.0052838729540593534,0.012705691487600495
29/07/2022,537058300,-0.006579814,0.009541336118640829
08/01/2022,681871300,0.01844423307555515,0.020213586713769337
08/02/2022,734388200,0.00919280506538998,0.014336109276590408
08/03/2022,702358600,0.012902807495299288,0.01423473306874917
08/04/2022,655935800,0.0013253598831129045,0.007973527887413786
08/05/2022,604391400,0.0019916016796640745,0.006944777048709266
08/08/2022,634015600,0.003505381839087882,0.005410781778396622
08/09/2022,655262300,-0.00119807,0.0081820709377608
08/10/2022,584384800,0.0006450636701733273,0.005149224035017747
08/11/2022,765336500,-0.007797703,0.017714664515562282
08/12/2022,508817800,0.009250375771530858,0.01083710281780504
15/08/2022,585580500,0.004445985999873951,0.005572123685449622
16/08/2022,569526100,0.0004002574204586408,0.0037813115345693175
17/08/2022,644581600,-0.001159184,0.00677498274888642
18/08/2022,558424300,0.000164906356747447,0.01139236530942323
19/08/2022,568209800,-0.002248357,0.013039915536015344
22/08/2022,566785900,-0.006377511,0.01169442174496006
23/08/2022,520796300,0.01384977462204308,0.013660578686034814
24/08/2022,519810800,0.0012465015640067934,0.0062873876413291774
25/08/2022,562124700,0.0073703544491774305,0.007549189994413768
26/08/2022,614354500,-0.006752937,0.011749846012303373
29/08/2022,793997300,0.00583332673753187,0.01761882278879436
30/08/2022,473770000,0.006593181800300634,0.01300619826636139
31/08/2022,462420100,0.0030235381662945208,0.008043670100194418
09/05/2022,466166300,-0.002335317,0.008102712647277674
09/06/2022,537987600,-0.001703684,0.007452638171285409
09/07/2022,796593600,-0.02471993,0.025660207373086434
09/08/2022,557779800,-0.013283036,0.013575247043576861
09/09/2022,542039800,0.006058360053494015,0.01620781883117924
09/12/2022,390724400,-0.00441378,0.007066148109025086
13/09/2022,410707400,-0.002158101,0.006792694649150928
14/09/2022,574337900,0.008952966432474622,0.011009292616681644
15/09/2022,385727500,-0.00101049,0.006004848835155675
16/09/2022,594453000,-0.007336202,0.012803578519160946
19/09/2022,641804000,-0.021407696,0.02604050007051434
20/09/2022,412723400,0.00565144214903318,0.015767927608640386
21/09/2022,325527500,-0.002184306,0.01040849200776499
22/09/2022,435982100,0.011963277071496517,0.014867868609533173
23/09/2022,443208000,-0.009491196,0.012582275114686419
26/09/2022,701894100,-0.01016512,0.026525311874654144
27/09/2022,406199700,-0.009442454,0.012267046136437624
28/09/2022,496730000,-0.012929398,0.01732218743988383
29/09/2022,415993300,-0.020621336,0.02967843917340847
30/09/2022,612447000,0.014335504564962236,0.031825529321355676
10/03/2022,501911900,-0.033811785,0.042892382460145186
10/04/2022,513862500,-0.016053225,0.02845641567885438
10/05/2022,396842100,0.011153029082118585,0.016418234835998868
10/06/2022,499954800,-0.027856438,0.032014294754867376
10/07/2022,788668100,-0.023260857,0.0384685928314236
10/10/2022,541876100,0.019819608303496303,0.036528278719975375
10/11/2022,580908400,-0.029214264,0.03760683760683764
10/12/2022,532825500,0.027882074815741835,0.03532049361718583
13/10/2022,402643700,0.01595970922589126,0.02469100562326953
14/10/2022,641479597,0.010333114492050257,0.016132222065263345
17/10/2022,497417202,-0.009671799,0.026873846973126145
18/10/2022,514837794,0.011487475988512671,0.01895342496662475
19/10/2022,400659500,-0.003375139,0.012923674851660783
20/10/2022,398325488,-0.001528201,0.01612735603949165
21/10/2022,742095685,-0.036496764,0.04451765997921188
24/10/2022,654944880,-0.03301563,0.04674745221315218
25/10/2022,751178249,0.011712214166201966,0.049052821489425615
26/10/2022,448275048,-0.004350005,0.019972618184746636
27/10/2022,647723295,0.0348816139164049,0.036507426970554736
28/10/2022,654695656,-0.00063229,0.01755957016041112
31/10/2022,662040843,0.0005645538078182474,0.024631787847539676
11/01/2022,613979713,0.005652080860750574,0.015613059250302175
11/02/2022,578232400,-0.010215236,0.015725329606426988
11/03/2022,442888391,-0.003303394,0.013041645012306282
11/04/2022,753114300,-0.022219825,0.04532918818633098
11/07/2022,646845431,-0.022022765,0.02824065053989475
11/08/2022,660722948,0.006624350126641908,0.02535526918962969
11/09/2022,583059080,0.004013650486425971,0.017106504733205505
11/10/2022,698764030,-0.038910703,0.05258435032304385
11/11/2022,736493658,0.007696043241417132,0.02038699674185205
14/11/2022,666060408,-0.01413261,0.032942276630111365
15/11/2022,692336869,-0.03096574,0.04481851080162299
16/11/2022,1046754131,0.03399495558723544,0.07597836461979
17/11/2022,724460987,0.02795630501643866,0.03093081319769723
18/11/2022,960582090,7.222004415745003e-05,0.033053758781838964
21/11/2022,597720759,-0.008954639,0.017092593556446233
22/11/2022,1050028405,-0.008879405,0.034522959290845694
23/11/2022,542121766,-0.006427761,0.01753699788583513
24/11/2022,543143603,0.0018076109936575437,0.01658735267117581
25/11/2022,622497264,0.025060408774836184,0.024447738455520555
28/11/2022,973787852,0.035235624729788174,0.03456333462597817
29/11/2022,1184149764,0.026320237846652574,0.03255309254379179
30/11/2022,1143350102,0.010622710622710604,0.025638579958413715
12/01/2022,1344535800,-0.020270015,0.02958659821669827
12/02/2022,1092310560,0.04576131687242797,0.04555513374876163
12/05/2022,1257541076,0.008548506086314996,0.015415984712024766
12/06/2022,1481855770,-0.038463654,0.04000228856954872
12/07/2022,920936041,-0.007313887,0.023890030931201987
12/08/2022,916987609,-0.000998497,0.030565524068803272
12/09/2022,788203123,-0.004618195,0.018843707513714395
12/12/2022,909565473,-0.025825208,0.03206177875531713
13/12/2022,798742525,0.011755273935553737,0.020191894601174366
14/12/2022,792044133,0.0021752611744501956,0.014993859657473605
15/12/2022,731119454,0.005871363757672666,0.01283970738733271
16/12/2022,881530875,-0.002691127,0.0167509121313468
19/12/2022,988837463,-0.013049718,0.0261845146379043
20/12/2022,1075424369,-0.012432312,0.028012080576270824
21/12/2022,857326761,-0.013993458,0.027883558417085397
22/12/2022,714220518,0.0026767855041769798,0.016272088088323113
23/12/2022,544113372,-0.003496367,0.013858125722798157
26/12/2022,623487317,-0.0344297,0.03723064118309797
27/12/2022,593357171,0.019650632859999403,0.02409986362324182
28/12/2022,590452765,0.006790178527175606,0.02121773034283122
29/12/2022,462660433,-0.006007544,0.012553379108085955
30/12/2022,407135481,-0.009987712,0.010823263064870048
01/03/2023,551325561,0.031990825869466485,0.031152409234601105
01/04/2023,647730520,-0.001488677,0.010550962870932254
01/05/2023,535052900,0.007298434414264731,0.010892008107442556
01/06/2023,698499467,-0.003808766,0.0174237236551776
01/09/2023,475203965,-0.003845863,0.010595611879985815
01/10/2023,546263068,-0.000815777,0.01109792566573319
01/11/2023,545184418,-0.002352941,0.01057058422368728
01/12/2023,506466858,-0.002002815,0.010128834994651639
13/01/2023,670231695,-0.000744609,0.010526613656300482
16/01/2023,520790888,0.006140524632841894,0.009253009337383393
17/01/2023,673933466,0.019379917572124445,0.019011476720359514
18/01/2023,604197540,0.005290617848970227,0.009860873365626393
19/01/2023,617714336,0.008923043304075423,0.015576492672009234
27/01/2023,604933400,0.0022609413411329667,0.011538805836540931
30/01/2023,798675700,-0.0131924,0.014411783378833181
31/01/2023,748424020,0.009365320155876874,0.020635720585323765
02/01/2023,1029897286,-0.034363614,0.038095857691199574
02/02/2023,634742880,-0.001898781,0.011646359004816262
02/03/2023,563829415,-0.000408319,0.010611335468597747
02/06/2023,527006509,0.011279870768887854,0.020242543308026287
02/07/2023,673206842,-0.021653525,0.025275838775050505
02/08/2023,569317582,0.004346278499035295,0.01493163716401484
02/09/2023,473849440,-0.005644491,0.010497824309465028
02/10/2023,463941839,-0.010139667,0.01156069364161854
13/02/2023,681323770,-0.006662225,0.021414199482609857
14/02/2023,395732862,-0.004848136,0.013363629361472798
15/02/2023,585762700,0.010693176230101095,0.016695287158939132
16/02/2023,475804145,0.009626025567639685,0.010242939080970168
17/02/2023,465080299,0.0009638189910137881,0.00848665640841681
20/02/2023,682286993,0.025430766036952504,0.026180419438846445
21/02/2023,720349483,-0.006773066,0.012289439398279436
22/02/2023,814013600,-0.023561664,0.02413021208787045
23/02/2023,720747240,-0.000218239,0.022682838866427586
24/02/2023,430407670,-0.01143982,0.01715148716764778
27/02/2023,588607325,-0.015700599,0.01957405140758875
28/02/2023,432959234,0.0033586291309670147,0.015263301713705617
03/01/2023,523621012,0.01686716375611996,0.026120801499207102
03/02/2023,373163740,-0.001337825,0.010341072271855533
03/03/2023,447721928,-0.012840767,0.018579778877211437
03/06/2023,421901651,-0.005325948,0.01528456550945311
03/07/2023,473165337,0.003112253774332632,0.010213520388499323
03/08/2023,510279935,0.019987945013707858,0.020377818868068498
03/09/2023,609044089,0.005044496264217346,0.010521331502438468
03/10/2023,508592417,0.0012551346417160507,0.0071699905033237935
13/03/2023,625071605,-0.000189934,0.009612462006078924
14/03/2023,621186235,-0.008871398,0.01619028390681926
15/03/2023,622855977,0.01759881971987519,0.01763338009207394
16/03/2023,532926812,-0.008096974,0.014397555852587288
17/03/2023,564932380,-0.007907202,0.011366898214593364
20/03/2023,567363237,-0.021088084,0.021923565633857944
21/03/2023,474892969,0.0047393826151272125,0.018500043586490256
22/03/2023,458776626,0.007689327910129823,0.009841044073269658
23/03/2023,431450931,0.009329367225527171,0.013558511147258489
24/03/2023,579737940,-0.000296056,0.007900342953218871
27/03/2023,556948410,0.0042661627440875255,0.011204561653599395
28/03/2023,648102598,-0.001449111,0.007663925485397687
29/03/2023,460964114,0.0005493724840160334,0.007639658061401207
30/03/2023,633975741,0.002944155708916842,0.00934455938986643
31/03/2023,639933832,0.004576378339105046,0.007288848812744205
04/03/2023,821311240,0.007166853303471505,0.00711585501445414
04/04/2023,803886355,-0.002755611,0.006592795215355489
04/05/2023,793746144,0.0016681185476247425,0.006254279000055503
04/06/2023,998757389,-0.011227344,0.012708817734450047
04/07/2023,646004332,-0.001409608,0.008637855119611865
04/10/2023,857459575,-0.007924683,0.011348383160463622
04/11/2023,697781314,0.005339449886254737,0.012772801226787214
04/12/2023,726163549,-0.002015659,0.0058628266866145974
13/04/2023,673041706,-0.005773111,0.008174386920980969
14/04/2023,786525944,-0.013418165,0.015101292632658551
17/04/2023,453785270,0.00097836205095079,0.005323540296638035
18/04/2023,539759416,-0.000596789,0.005933536804989471
19/04/2023,569676924,-0.008553633,0.010171785925375196
20/04/2023,373744769,-0.000590549,0.005727900881582074
21/04/2023,553030161,-0.006042411,0.008763939361977639
24/04/2023,556987634,-0.001486226,0.00846969347776001
25/04/2023,539588993,-0.010536682,0.012929410059428789
26/04/2023,576776771,0.006401206753176324,0.011154880860876154
27/04/2023,511730481,-0.001690049,0.006377268836028307
28/04/2023,613143100,0.005703768321558152,0.006748513039499702
05/04/2023,625808460,-0.005200516,0.009590528632244567
05/05/2023,547775602,-0.000288292,0.006276975132412428
05/08/2023,655533160,0.009544984091693215,0.009492709599027946
05/09/2023,564403499,-0.001563359,0.005722311320307062
05/10/2023,717423000,0.002500899945056081,0.005036569463081053
05/11/2023,708309615,-0.003722657,0.006593385802936306
05/12/2023,725827200,0.009251551384894998,0.01211922391976761
15/05/2023,834497150,-0.001779676,0.009955804111812688
16/05/2023,681376611,-0.002433295,0.005272490172716168
17/05/2023,836832759,-0.00533706,0.008967975557315822
18/05/2023,649534572,0.007421447700954218,0.012140670779081004
19/05/2023,755489197,-0.002859466,0.010861517988510731
22/05/2023,711106360,0.0022373040018723147,0.00444593887768063
23/05/2023,721987481,-0.006774638,0.01108035839939949
24/05/2023,794095122,-0.007199693,0.008485670424471873
25/05/2023,669530149,0.0024481417662402536,0.007129237387636942
26/05/2023,640714612,-0.002774861,0.0033090170715198747
29/05/2023,844875747,0.008102481384924228,0.010083908537833397
30/05/2023,922938040,0.0028558670858992133,0.007699086313250735
31/05/2023,924361374,-0.002773243,0.007189560720630031
06/01/2023,856813100,0.001755689735253228,0.006287150288856721
06/02/2023,1037413832,0.006133611267397655,0.008140515565985947
06/05/2023,948361281,-0.001673244,0.006421817784336189
06/06/2023,842755231,0.008654896250455034,0.009049814582562616
06/07/2023,1000674077,-0.001125325,0.007228220704075547
06/08/2023,1324883081,-0.009363784,0.01254857806995257
06/09/2023,902209434,0.004097877625769469,0.009299973815607663
06/12/2023,797975274,0.005187973988074857,0.014282898155947075
13/06/2023,943543202,0.00459130248001943,0.005666126187124821
14/06/2023,928596018,-0.004490138,0.010801668128367074
15/06/2023,716875115,-1.79E-05,0.00718013912638675
16/06/2023,1166381071,-0.001665055,0.014714585462958054
19/06/2023,811306110,-0.00913418,0.011308123756106386
20/06/2023,695589566,0.005717387371087331,0.00822149462094781
21/06/2023,875892009,0.005149497182604961,0.006982815657242946
22/06/2023,919320913,-0.00080802,0.004683195592286486
23/06/2023,906633429,0.002645596590909107,0.007074678141989418
26/06/2023,1040389313,0.002346420159733538,0.01241133185516281
27/06/2023,721995093,-2.64E-05,0.006761700739643731
28/06/2023,892135684,0.0022627621546425685,0.007642640664119161
29/06/2023,906889844,-0.012313282,0.013364255946827289
30/06/2023,617525563,-0.00456759,0.0056419504008283815
07/03/2023,558383886,0.0004800170672734707,0.0063793869391380155
07/04/2023,701311418,0.004302887814399067,0.007623674911660673
07/05/2023,807034287,-0.001777168,0.004600659251555611
07/06/2023,921107414,-0.007289619,0.011951483724316774
07/07/2023,798404469,0.011635762413553945,0.013294437073290644
07/10/2023,879429309,0.005477965627078293,0.007824058763119883
07/11/2023,936910449,0.0020793819276478383,0.006624586505986335
07/12/2023,788162797,0.00041604548763999775,0.007061167908508136
13/07/2023,806743855,0.004888984694977429,0.006238094420895455
14/07/2023,1042750588,0.002557018070738462,0.011605614515576809
17/07/2023,914617699,0.0011777256240666602,0.005216813140913725
18/07/2023,837137143,0.0008012615607550842,0.004820754797332472
19/07/2023,896644826,-0.000945413,0.004748589063752098
20/07/2023,796609448,-0.00014493,0.006625114042342928
21/07/2023,988085166,0.01081647786841235,0.011662028838856694
24/07/2023,1043024974,-4.20E-05,0.008255509271701095
25/07/2023,1000328186,0.001213947842103098,0.004958608579312704
26/07/2023,912295513,0.0037698628304899074,0.004496852203457466
27/07/2023,1162285963,-0.003628224,0.010531766513826705
28/07/2023,1111482062,0.00842532440421529,0.009779161525913679
31/07/2023,1204882556,0.01261106096864211,0.014015863930002348
08/01/2023,1280939063,-0.010371286,0.013913072045730852
08/02/2023,940810059,0.0027936862690320623,0.008079119654547905
08/03/2023,1032558151,-0.007198314,0.010974854453115293
08/04/2023,1126518936,0.011618120306955958,0.013230232140817795
08/07/2023,1295575765,0.006747222447490199,0.008893041839184131
08/08/2023,1192874638,-0.000924898,0.005804078149779055
08/09/2023,1092478002,-0.005416254,0.008654851335910391
08/10/2023,1010944643,-0.012858772,0.014402634748199798
08/11/2023,1012420560,0.0027913865785576457,0.015289601610115276
14/08/2023,1106278804,-0.000476795,0.008545971993143768
15/08/2023,912029078,-0.002255749,0.00716340504841793
16/08/2023,930667089,0.006875774435724879,0.007005775139552496
17/08/2023,1111719043,-0.007323472,0.008512501216071602
18/08/2023,1702046002,-0.040083769,0.043497822562160976
21/08/2023,1078398206,0.001162603212858129,0.019944734522275694
22/08/2023,1055664316,0.0002711473770727406,0.029902836957534543
23/08/2023,747179434,-0.017396842,0.021235587091492005
24/08/2023,851534592,0.014353210070273723,0.015688714383003118
25/08/2023,893336876,-0.005044688,0.00928703617634384
28/08/2023,882846337,0.009959071159034296,0.010476650134806708
29/08/2023,990936199,-0.000273913,0.009307307190953427
30/08/2023,911988548,0.005853577646961424,0.008251178739819967
31/08/2023,945474870,0.00801271493510773,0.008594420162575044
09/05/2023,1087343528,0.002703690171720803,0.0060810701387876654
09/06/2023,1131934538,0.0065297150522861495,0.01253311922922513
09/07/2023,1127715259,-0.003151387,0.011495085026626094
09/08/2023,1097934295,-0.000362339,0.006403647259722121
09/11/2023,1393859204,-0.017622312,0.022915423780064205
09/12/2023,967867696,0.01789056434146549,0.019744026207605462
13/09/2023,1263786726,-0.008542424,0.01434927607619569
14/09/2023,1227453311,-0.011629691,0.017306608051903535
15/09/2023,917361628,0.0011909617423931879,0.011080693521053245
18/09/2023,844996338,-0.012669469,0.019375974781524984
19/09/2023,1004729384,-0.001038952,0.01627734213784567
20/09/2023,878031341,0.011007948810976541,0.013579532015887534
21/09/2023,963674886,-0.011847337,0.013382918020350626
22/09/2023,1393430630,-0.010253773,0.025849712920665645
25/09/2023,1086893263,-0.033401785,0.03678459937565023
26/09/2023,1046590396,-0.013215401,0.022461246440999633
27/09/2023,860424151,0.012459965778967066,0.023824587251375838
28/09/2023,691112432,-0.001170067,0.015966262592955832
29/09/2023,574812383,0.0014924984597763224,0.009920720876835805
10/02/2023,518241915,-9.52E-05,0.01025752001731219
10/03/2023,991875600,-0.024294466,0.026214113227797108
10/04/2023,682485641,0.01385133617785769,0.024267500686648773
10/05/2023,609007336,-0.015380672,0.017263823178231056
10/06/2023,621618542,0.012025503752925536,0.019254966594006433
10/09/2023,602615874,0.0061749146304780605,0.009082436519659499
10/10/2023,671763276,0.0025069466967033893,0.008315190305065175
10/11/2023,543054354,0.00412711154544187,0.010940120436909584
10/12/2023,647175500,-0.00017364,0.007485172931808615
13/10/2023,621416606,0.008938401048492807,0.013951313294016696
16/10/2023,676192185,-0.011646332,0.014736030558427166
17/10/2023,610499889,-0.020683814,0.02339410689609059
18/10/2023,1038176335,-0.017960448,0.03298894326626798
19/10/2023,649225855,-0.014655399,0.014873374086500956
20/10/2023,658192868,0.018662719608726386,0.031073165889010282
23/10/2023,563101470,-0.011614454,0.018527155176355465
24/10/2023,509040896,0.010166518994857467,0.01729812822135806
25/10/2023,539258100,-0.004014104,0.009758001561280248
26/10/2023,1177081206,-0.023825159,0.03174949073854753
27/10/2023,692233832,0.000990968034202511,0.02301484037638349
30/10/2023,533359252,-0.011033842,0.017258250191864933
31/10/2023,755535020,-0.014983283,0.020560402260282728
11/01/2023,679885915,0.009937538249322458,0.018900409749341218
11/02/2023,772121338,0.034244994518493,0.03311110491227103
11/03/2023,756483331,-0.00079804,0.010327086312895967
11/06/2023,692791604,0.011961589182562928,0.01182020079657885
11/07/2023,634514315,-0.008599013,0.009691842005387467
11/08/2023,952577357,0.031287917380632586,0.033796466773843084
11/09/2023,1052082350,-0.002837806,0.01135659715052641
11/10/2023,1032796666,-0.002661549,0.01342495098395175
13/11/2023,789437382,-0.003252813,0.013380966665757658
14/11/2023,822197114,0.0029735005965076853,0.012552602885386387
15/11/2023,937960012,0.0019190431561566395,0.01248106904231625
16/11/2023,687396150,0.005108009394450869,0.009382246586052745
17/11/2023,1255204381,-0.023698489,0.03058509430706766
20/11/2023,841468794,0.012541399462380455,0.02350361524382514
21/11/2023,712613814,0.005377901712961336,0.008086738828953784
22/11/2023,946276924,0.0030257731030382904,0.010962273976046433
23/11/2023,1028270888,-0.024930128,0.02760705197107916
24/11/2023,958343250,0.004483277101364119,0.02035395806902087
27/11/2023,595015273,-0.006891138,0.010247596639891058
28/11/2023,681884567,0.006329579069212064,0.01732652930812559
29/11/2023,614957140,0.0067279515806577235,0.008931809938338692
30/11/2023,723483378,-0.00691627,0.012174056099366561
12/01/2023,603587510,0.007339164450293815,0.010996588517093814
12/04/2023,1120648335,0.01663097916817878,0.01945577381324238
12/05/2023,824655978,-0.004033949,0.00946261996290218
12/06/2023,853960306,0.00937301181931417,0.009285974272702285
12/07/2023,1334588551,-0.00534802,0.01811875273074208
12/08/2023,819095049,0.0023712314357539643,0.0071413325744370286
12/11/2023,700589754,0.0009426914730887778,0.007845402043536344
12/12/2023,645624476,-0.000195061,0.005693356863510258
13/12/2023,844042125,-0.014148064,0.017169269430981966
14/12/2023,681022113,-0.007163683,0.011259942529253329
15/12/2023,749829297,-0.00636403,0.009516465571985856
18/12/2023,713157593,-0.009452962,0.011255815657398215
19/12/2023,649906769,0.0040296730469821995,0.012779348718416484
20/12/2023,598209855,0.002860735044915454,0.00807623823540088
21/12/2023,520999516,0.0015171336167739313,0.007220413087452297
22/12/2023,558031547,0.0007530188799070314,0.0048320127644916454
25/12/2023,658538434,0.011951541929992978,0.01256195980888639
26/12/2023,644741653,0.003532147008852764,0.004615727333481699
27/12/2023,776800261,-0.001335125,0.003992905462615547
28/12/2023,716927949,0.005486430880768173,0.008928808694958879
29/12/2023,710847562,-0.001546374,0.004531254148486977
01/02/2024,842255467,-0.005527192,0.009737390874067775
01/03/2024,719932658,0.010777670786328299,0.0138528365540087
01/04/2024,1181354559,0.004565731695606263,0.013695773081201327
01/05/2024,803268328,0.002822577143204537,0.005854435861017763
01/08/2024,905408420,0.0022893377334693324,0.006102448736844764
01/09/2024,870509266,-0.002462439,0.0063611804003140815
01/10/2024,992761212,0.002347215270706432,0.00874700828210811
01/11/2024,860493292,0.0005854296881726532,0.010041128185713415
01/12/2024,1086669255,-0.003924951,0.013128951242747103
15/01/2024,617145386,-0.003634543,0.00834401968599462
16/01/2024,611399775,0.011470263407337688,0.013248847926267158
17/01/2024,769803132,0.000499160893325812,0.006890144770457529
18/01/2024,596224450,0.00404517541976213,0.006081809316887181
19/01/2024,662887992,0.008536064874093044,0.008489208633093503
22/01/2024,889755900,-0.002311066,0.009654566051772884
23/01/2024,683712214,-0.005599047,0.009307855626326994
24/01/2024,733190188,-0.003847134,0.0070760548010605166
25/01/2024,540538159,-0.002837182,0.00455411536522632
26/01/2024,575224219,0.002054105654330738,0.002977025866101882
29/01/2024,666529537,1.7011576377709568e-05,0.004746149069907822
30/01/2024,620146298,0.00312933153056631,0.0049082354935785725
31/01/2024,1120899587,-0.014807795,0.016662229131416774
02/01/2024,670246274,0.008962669877860032,0.010272629622683292
02/02/2024,914673342,-0.001447733,0.007308856765169874
02/05/2024,874803630,0.009919874660467693,0.012571033505893532
02/06/2024,619772100,0.00021881469761491214,0.0044089929994615045
02/07/2024,685659517,0.006592871300433289,0.007525885876865812
15/02/2024,868724308,-0.000482096,0.007276507276507277
16/02/2024,822636730,0.0036505434331702406,0.004926841365627871
19/02/2024,1046431380,0.009551830424104499,0.010530870143758697
20/02/2024,939947595,0.0016122728161032003,0.00634928377477517
21/02/2024,988846280,-0.001185546,0.009186693115670998
22/02/2024,840410190,-0.002714013,0.004839853011871351
23/02/2024,1394045720,-0.013198069,0.024141914191419134
26/02/2024,889748773,0.008668067399991744,0.011999967324799705
27/02/2024,986854411,0.006900030919949892,0.008978067977954762
28/02/2024,970755990,0.010055874917475813,0.014531106771352293
29/02/2024,1091193600,-0.003840771,0.013322902780327807
03/01/2024,961928011,0.0012413266280475726,0.008654671456273723
03/04/2024,1183086384,0.002487522649966708,0.009283262380986385
03/05/2024,1011196107,0.006793984509398162,0.009582828076032751
03/06/2024,1062933517,-0.005763553,0.016796939963412635
03/07/2024,1017267325,0.0039176579528456806,0.0075997666461694495
03/08/2024,1346110974,-0.017942904,0.021605804305126906
03/11/2024,975985066,-0.010452208,0.016608794891095825
03/12/2024,836219861,0.008203292654287585,0.012200803212851268
13/03/2024,982228387,0.020489959839357422,0.020078551133009572
14/03/2024,1057178320,-0.006209911,0.01403192381313971
15/03/2024,1067614441,0.0002532727589317717,0.01524790707243366
18/03/2024,1708947942,-0.016303187,0.03878381421081413
19/03/2024,914651785,-0.00327306,0.008716578400914256
20/03/2024,915569336,0.013105211532586113,0.02070503460097765
21/03/2024,1251812900,0.006624501190833024,0.009573651305996479
22/03/2024,1377676890,0.0042149135864369735,0.011616476829458475
25/03/2024,1242486633,-0.010744131,0.017612354676383772
26/03/2024,941695455,0.01131828435316213,0.014100654338992775
27/03/2024,919282582,-0.001167688,0.007614430788175406
28/03/2024,1012175340,0.0013737862947353573,0.006495217721558317
29/03/2024,922547400,-0.006921673,0.008254873100795045
04/01/2024,971211980,-0.000662835,0.009917909981896527
04/02/2024,1087683661,0.008786437064499218,0.014420686225758287
04/03/2024,1077322954,-0.010729347,0.013779326291615202
04/04/2024,980907137,-0.003660903,0.009856100926473488
04/05/2024,1075439698,-0.010360733,0.01170415342081575
04/08/2024,876038830,-0.004109884,0.009221418002959333
04/09/2024,717434222,0.008320025550942066,0.01197320283175741
04/10/2024,702274717,-0.006284938,0.008072718026951501
04/11/2024,686819590,0.002182466984212965,0.011063423938960476
04/12/2024,944444595,0.013963241251131775,0.015173116089613128
15/04/2024,1455862779,-0.046663428,0.05359153714008602
16/04/2024,1355239132,-0.000797271,0.025269807844169538
17/04/2024,859252249,-0.018890113,0.023855625686289333
19/04/2024,1070536473,-0.011460113,0.021253777077924866
22/04/2024,708578793,0.005448693580678718,0.010712305288097999
23/04/2024,778311310,-0.010571606,0.019695940207236327
24/04/2024,820079823,0.023959571938168684,0.025057854530071758
25/04/2024,569651810,-0.001284687,0.006805148675900682
26/04/2024,620884392,0.008269423141047077,0.014774455982538438
05/02/2024,570363680,0.0034897246994957556,0.008287020290045652
05/03/2024,643428817,0.0010493953679032366,0.0060768367689574155
05/06/2024,864633630,0.01167651252800972,0.01398218399136576
05/07/2024,707897194,0.0019097291875627756,0.008441251611766648
05/08/2024,981802972,0.005508157702173621,0.013483038241926891
05/09/2024,771552716,-0.004369598,0.010819771911840075
05/10/2024,669111203,-0.005862433,0.012083232907527889
13/05/2024,741579440,-0.003631397,0.012611072586237561
14/05/2024,640493532,-0.003374777,0.009362331896274268
15/05/2024,880174065,0.008936040151856483,0.01167101140793541
16/05/2024,885055936,0.0032339941013212075,0.008252021627074849
17/05/2024,937042992,0.0020621964753755567,0.006244550745811474
20/05/2024,1161563296,-0.003074474,0.006128774714695091
21/05/2024,972159800,-0.001016864,0.010961993203564212
22/05/2024,1139091754,-0.010589862,0.015147090164257962
23/05/2024,968130000,0.01185605282696955,0.014628853344574295
24/05/2024,1367781161,-0.014709901,0.027568882584612427
27/05/2024,726703810,0.003340034508413426,0.008211851571374544
28/05/2024,868584327,0.0069764701260950695,0.009643216590077573
29/05/2024,1072465256,-0.007091977,0.01102432738244924
30/05/2024,1050581949,-0.001025544,0.013637943015983308
31/05/2024,771151605,-0.005627098,0.007640363947626948
06/03/2024,1046924676,0.0059966833546846515,0.010023437499999944
06/04/2024,935848681,-0.002037103,0.005710857641485857
06/05/2024,925054928,-7.79E-06,0.00745902596644229
06/06/2024,893066672,-0.00405807,0.010611112842406971
06/07/2024,698283332,0.002015579887781164,0.007688842635020631
06/10/2024,858651954,-0.001717083,0.007709174304818462
06/11/2024,993342917,-0.008208241,0.01318893499739184
06/12/2024,895254667,0.01166355431061314,0.015105484583022383
13/06/2024,891331399,-0.003201372,0.00646172522685195
14/06/2024,1110637093,-0.017999494,0.01961856693048722
17/06/2024,900555134,-0.005523267,0.008283847282254795
18/06/2024,805289430,-0.000617048,0.006361860101602089
19/06/2024,1004875853,0.00022665103556073748,0.010532978066714084
20/06/2024,932545131,0.0010304610532560511,0.010138033221555019
21/06/2024,834751762,-0.002311302,0.006723764059842975
24/06/2024,1247101984,-0.021128794,0.025659426530156477
25/06/2024,835303407,0.0003582488794771521,0.007814986948494251
26/06/2024,878371266,0.002240905262154079,0.011988202086835271
27/06/2024,596988499,-0.001704672,0.005853433829194195
28/06/2024,840428178,-0.012254416,0.018035525005620893
07/01/2024,487191100,0.007500682610301728,0.011549866088509126
07/02/2024,528470005,0.008602338438075815,0.009875648729317418
07/03/2024,589504712,0.00542536772811732,0.007761287543564305
07/04/2024,523462424,0.000601976358746802,0.006680261584980101
07/05/2024,616503474,0.0024611490049925096,0.006274161366753924
07/08/2024,766898184,-0.001734342,0.007370126834740906
07/09/2024,821808017,0.005448045387425189,0.008139382087175797
07/10/2024,751002251,-0.007593882,0.009347247927586032
07/11/2024,697233094,-0.005708001,0.007415485278080684
07/12/2024,606308137,-0.002973758,0.008986921725551428
15/07/2024,573511101,-0.000921155,0.007891734775202693
16/07/2024,684257163,0.00042166416791601354,0.009444418426762934
17/07/2024,1225383052,-0.014617703,0.02706792994182832
18/07/2024,739044489,0.0025882075286157917,0.01448479332098807
19/07/2024,791804100,-0.0075798,0.015227944780910507
22/07/2024,923629363,-0.008017205,0.017861697379328
23/07/2024,728380946,-0.019540578,0.021862137829697814
24/07/2024,740263375,0.010121853742883775,0.019176887611326878
25/07/2024,484409425,0.00021899231093662345,0.007679270834178048
26/07/2024,458792190,0.005691938983709535,0.00648895830481998
29/07/2024,496865207,0.000553812073103055,0.005294400770094767
30/07/2024,653073299,-0.00123536,0.009445327936003077
31/07/2024,748846724,0.0038581856100103834,0.007566859234045295
08/01/2024,897261200,-0.019616304,0.028802894959900825
08/02/2024,696662777,0.011657872131549884,0.021696587417111377
08/05/2024,1038092780,-0.039244703,0.04382738390835552
08/06/2024,688836957,0.009803676169974886,0.021986647717883383
08/07/2024,623845094,0.0046270284562251185,0.010428660723097725
08/08/2024,758833010,-0.002896446,0.014391882944915339
08/09/2024,586759414,0.012678760593220475,0.013647804909940869
08/12/2024,551151486,0.0054264326108985255,0.008372077900965598
13/08/2024,539116428,0.0004960115790245057,0.006940719429137988
14/08/2024,507177627,-4.88E-05,0.0061607984654897165
15/08/2024,497056231,-0.005397496,0.0076906731177875075
16/08/2024,965064150,0.02161976944351529,0.021968807647157463
19/08/2024,698632210,0.007498622457535654,0.009202453987729982
20/08/2024,810158292,0.008663464434615863,0.011260854190405215
21/08/2024,836416946,0.009433591446877089,0.011790818114559303
22/08/2024,687364524,-0.000989058,0.006236455198864965
23/08/2024,724871854,0.0019800745256395983,0.008558180064108549
26/08/2024,775470385,-0.00611077,0.009163919313760737
27/08/2024,660799355,0.0004218684083060918,0.006419066658336999
28/08/2024,717617522,-0.001682767,0.006882881758022175
29/08/2024,634088620,0.00032785605557946433,0.006211616346851691
30/08/2024,571596260,0.0005533214875773941,0.00331809295333639
09/04/2024,648409343,0.0015229303063131385,0.006928985734441071
09/05/2024,665625986,-0.006463187,0.012742369165989923
09/06/2024,637094418,0.004526028607024025,0.009026971019498257
09/09/2024,497552945,-0.004890263,0.00866903835990314
09/10/2024,690102153,-0.011871118,0.015622634895596742
09/11/2024,583746472,0.00015960800274529395,0.009630805811995768
09/12/2024,433675900,0.0024575709942789084,0.006097027102320279
13/09/2024,482055936,-0.001579338,0.004362032739212786
16/09/2024,608012444,-0.009384492,0.013040040023885287
17/09/2024,632194532,0.015290445890692696,0.01609277572580324
18/09/2024,799783535,0.004726160689463478,0.010941576409202243
19/09/2024,607580549,0.0023575235752357595,0.005073666490989361
20/09/2024,898259995,0.0006056935190793315,0.009457249772019727
23/09/2024,564217395,-0.005230757,0.007189707366296763
24/09/2024,817535117,0.0067088168516649775,0.008073673247245432
25/09/2024,992827530,0.003460531238309059,0.006190387423493978
26/09/2024,956803250,0.0011317566258149318,0.007402302766571902
27/09/2024,950804402,-0.003173672,0.010147801567874003
30/09/2024,748397879,-0.002323888,0.00629687718371966
10/01/2024,982286319,0.003307607497243653,0.011050920910075817
10/02/2024,771123993,-0.001287321,0.006639023481177751
10/03/2024,1043697915,-0.008179166,0.017878100305140372
10/04/2024,610071050,-0.006489952,0.006870769715095246
10/07/2024,542585281,-0.004616639,0.010992731882859534
10/08/2024,678704686,0.00012580396597009158,0.006981241843425118
10/09/2024,676888068,0.0061932870733774,0.007777821117915535
10/10/2024,720089936,-0.000287551,0.007276345657514149
10/11/2024,531739469,0.00021737273990590875,0.004509504109780381
14/10/2024,795706807,-0.00222617,0.008971189576628236
15/10/2024,712090690,-0.005225926,0.011115621194617049
16/10/2024,536674680,-0.000296907,0.005416262856785441
17/10/2024,685239360,0.005502235283083724,0.011426172931629548
18/10/2024,689070733,-0.004414635,0.006721329329578417
21/10/2024,622809008,-0.003426338,0.006204239824343479
22/10/2024,793916700,-0.008061177,0.011630928663112538
23/10/2024,589858241,0.00025185348423567485,0.007829097489967775
24/10/2024,673137040,-0.010824673,0.013281268639504868
25/10/2024,569100886,-0.003729889,0.007958681908167849
28/10/2024,482689840,0.001636439108499868,0.0033791053340452904
29/10/2024,875048711,0.002980851013091898,0.003923029371205793
30/10/2024,536846200,-0.002496473,0.007762408332869852
31/10/2024,614271168,0.004647910823673287,0.009751043907377067
11/01/2024,580509631,-0.007584145,0.008239766035270138
11/04/2024,709673109,-0.008246618,0.011729639835785151
11/05/2024,416464646,0.0008435699881899836,0.00435075777035711
11/06/2024,566907624,0.00804015281085656,0.009411074464036629
11/07/2024,499262878,-0.001213053,0.005826552887477609
11/08/2024,555502136,-0.008242476,0.01063422111515611
11/11/2024,796476224,-0.002783516,0.010061424275385443
11/12/2024,600650740,-0.004398874,0.011334972124483781
13/11/2024,660546839,0.002292489482701686,0.009967577284838427
14/11/2024,692587426,-0.011355976,0.012484880955280001
15/11/2024,750565598,-0.008776925,0.010307163314376644
18/11/2024,646151167,-0.001189919,0.01707309057447105
19/11/2024,511886835,-0.009907904,0.013483798697257602
20/11/2024,767532392,0.010046162531964987,0.020336363785818806
21/11/2024,482145184,0.009691419928650077,0.011796504196754952
22/11/2024,534437655,-0.001244277,0.005773145509323464
25/11/2024,497810131,0.004637917005695724,0.00613104397829427
26/11/2024,575094638,0.006017656110796197,0.009765483484015266
27/11/2024,428809652,-0.000128811,0.004919603533096532
28/11/2024,477493690,-0.003417926,0.007688530001368603
29/11/2024,502807656,0.00639833884636747,0.007933080626329568
12/02/2024,497420196,0.0005997792812245093,0.008240023657099884
12/03/2024,673402920,-0.000999137,0.007136970628005285
12/04/2024,575023618,-0.005691337,0.006417233011665527
12/05/2024,908386288,0.020711703078570818,0.024212444675865703
12/06/2024,694787773,-0.000645182,0.005920607177161558
12/09/2024,760998426,0.0020688949898127625,0.007065251522954218
12/10/2024,631447613,-0.001804813,0.00550284182474235
12/11/2024,627532824,-0.003432216,0.009867124820705186
12/12/2024,554123189,-0.00157561,0.0076143133309662615
13/12/2024,478786146,-0.002409886,0.004807654229072397
16/12/2024,538924657,0.0001424490151233875,0.006686237428686584
17/12/2024,502251132,-0.00163793,0.0038439590400406874
18/12/2024,531459813,0.00339219478172651,0.0039810426540284076
19/12/2024,779407811,-0.001774206,0.008265121506053297
20/12/2024,568921102,0.0022555731786046748,0.004055666003976071
23/12/2024,494701647,0.004182902584493034,0.006097754125883022
24/12/2024,643161962,-0.002224562,0.007450252308864214
25/12/2024,810461231,0.010493254336497981,0.017487676996012662
26/12/2024,595218520,-0.002202747,0.004069543629750143
27/12/2024,670323778,0.0011541451082305678,0.00443872829650084
30/12/2024,527662697,-0.00244679,0.005007782896495431
31/12/2024,480536340,-0.004299469,0.00448380934337459
01/02/2025,428135718,0.0023129509464943116,0.006206141559883839
